id,name,code,slug,status,created,modified,provider_id,latency,cost,inference,realtime_sts
7,Arista-PlayAI,Arista-PlayAI,Arista-PlayAI,f,2025-07-05 09:49:16.4752+00,2025-12-22 05:13:04.023248+00,,,0.00,f,f
8,Atlas-PlayAI,Atlas-PlayAI,Atlas-PlayAI,f,2025-07-05 09:49:27.231222+00,2025-12-22 05:13:03.988299+00,,,0.00,f,f
9,Basil-PlayAI,Basil-PlayAI,Basil-PlayAI,f,2025-07-05 09:50:25.438022+00,2025-12-22 05:13:03.969767+00,,,0.00,f,f
10,Calum-PlayAI,Calum-PlayAI,Calum-PlayAI,f,2025-07-05 09:51:57.839936+00,2025-12-22 05:13:03.958196+00,,,0.00,f,f
11,Cheyenne-PlayAI,Cheyenne-PlayAI,Cheyenne-PlayAI,f,2025-07-05 10:01:55.645817+00,2025-12-22 05:13:03.94325+00,,,0.00,f,f
12,Chip-PlayAI,Chip-PlayAI,Chip-PlayAI,f,2025-07-05 10:02:11.716695+00,2025-12-22 05:13:03.933277+00,,,0.00,f,f
13,Cillian-PlayAI,Cillian-PlayAI,Cillian-PlayAI,f,2025-07-05 10:02:26.170287+00,2025-12-22 05:13:03.920955+00,,,0.00,f,f
14,Briggs-PlayAI,Briggs-PlayAI,Briggs-PlayAI,f,2025-07-05 10:32:45.3704+00,2025-12-22 05:13:03.907188+00,,,0.00,f,f
15,Celeste-PlayAI,Celeste-PlayAI,Celeste-PlayAI,f,2025-07-05 10:33:51.609179+00,2025-12-22 05:13:03.891619+00,,,0.00,f,f
16,Deedee-PlayAI,Deedee-PlayAI,Deedee-PlayAI,f,2025-07-05 10:45:54.258973+00,2025-12-22 05:13:03.879686+00,,,0.00,f,f
17,Fritz-PlayAI,Fritz-PlayAI,Fritz-PlayAI,f,2025-07-05 10:46:12.978032+00,2025-12-22 05:13:03.864836+00,,,0.00,f,f
18,Gail-PlayAI,Gail-PlayAI,Gail-PlayAI,f,2025-07-05 10:46:35.912601+00,2025-12-22 05:13:03.853038+00,,,0.00,f,f
19,Indigo-PlayAI,Indigo-PlayAI,Indigo-PlayAI,f,2025-07-05 10:46:51.404356+00,2025-12-22 05:13:03.836222+00,,,0.00,f,f
20,Mamaw-PlayAI,Mamaw-PlayAI,Mamaw-PlayAI,f,2025-07-05 10:47:14.703759+00,2025-12-22 05:13:03.825516+00,,,0.00,f,f
21,Mason-PlayAI,Mason-PlayAI,Mason-PlayAI,f,2025-07-05 10:47:33.708825+00,2025-12-22 05:13:03.793838+00,,,0.00,f,f
22,anushka,anushka,anushka,f,2025-07-05 10:47:37.092933+00,2026-01-15 13:50:33.001093+00,20,,0.00,f,f
23,Mikail-PlayAI,Mikail-PlayAI,Mikail-PlayAI,f,2025-07-05 10:47:51.834616+00,2025-12-22 05:13:03.770667+00,,,0.00,f,f
24,jack,jack,jack,f,2025-07-05 10:48:02.650505+00,2025-12-22 05:13:03.758799+00,,,0.00,f,f
25,Mitch-PlayAI,Mitch-PlayAI,Mitch-PlayAI,f,2025-07-05 10:48:11.041389+00,2025-12-22 05:13:03.745972+00,,,0.00,f,f
26,Quinn-PlayAI,Quinn-PlayAI,Quinn-PlayAI,f,2025-07-05 10:48:26.98095+00,2025-12-22 05:13:03.733642+00,,,0.00,f,f
27,c854436-2dac-4d21-aa69-ae17b54e98eb,c854436-2dac-4d21-aa69-ae17b54e98eb,c854436-2dac-4d21-aa69-ae17b54e98eb,f,2025-07-05 10:48:27.701398+00,2025-12-22 05:13:03.721091+00,,,0.00,f,f
28,Thunder-PlayAI,Thunder-PlayAI,Thunder-PlayAI,f,2025-07-05 10:48:37.791543+00,2025-12-22 05:13:03.707641+00,,,0.00,f,f
29,tara,tara,tara,f,2025-07-05 10:51:58.622419+00,2025-12-22 05:13:03.69536+00,,,0.00,f,f
30,Amalthea,Amalthea,Amalthea,f,2025-07-05 10:53:13.209528+00,2025-08-14 07:53:05.259162+00,24,,0.00,f,f
31,Harmonia,Harmonia,Harmonia,f,2025-07-05 10:53:31.453376+00,2025-12-22 05:13:03.680564+00,24,,0.00,f,f
32,Andromeda,Andromeda,Andromeda,f,2025-07-05 10:53:44.778423+00,2025-12-22 05:13:03.668958+00,24,,0.00,f,f
33,Helena,Helena,Helena,f,2025-07-05 10:53:45.140375+00,2025-12-22 05:13:03.647209+00,24,,0.00,f,f
34,Hermes,Hermes,Hermes,f,2025-07-05 10:53:58.133847+00,2025-12-22 05:13:03.613986+00,24,,0.00,f,f
35,Apollo,Apollo,Apollo,f,2025-07-05 10:54:06.461939+00,2025-12-22 05:13:03.598002+00,24,,0.00,f,f
36,Hyperion,Hyperion,Hyperion,f,2025-07-05 10:54:10.184107+00,2025-12-22 05:13:03.570953+00,24,,0.00,f,f
37,Iris,Iris,Iris,f,2025-07-05 10:54:24.611697+00,2025-12-22 05:13:03.541666+00,24,,0.00,f,f
38,Arcas,Arcas,Arcas,f,2025-07-05 10:54:24.979261+00,2025-12-22 05:13:03.513415+00,24,,0.00,f,f
39,Janus,Janus,Janus,f,2025-07-05 10:54:35.761537+00,2025-12-22 05:13:03.480864+00,24,,0.00,f,f
40,Aries,Aries,Aries,f,2025-07-05 10:54:44.863688+00,2025-12-22 05:13:03.453889+00,24,,0.00,f,f
41,Juno,Juno,Juno,f,2025-07-05 10:54:51.1253+00,2025-12-22 05:13:03.428391+00,24,,0.00,f,f
42,Asteria,Asteria,Asteria,f,2025-07-05 10:55:00.37222+00,2025-12-22 05:13:03.414123+00,24,,0.00,f,f
43,Jupiter,Jupiter,Jupiter,f,2025-07-05 10:55:02.071865+00,2025-12-22 05:13:03.371206+00,24,,0.00,f,f
44,Luna,Luna,Luna,f,2025-07-05 10:55:14.542351+00,2025-12-23 06:57:00.706975+00,60,,0.00,t,f
45,Athena,Athena,Athena,f,2025-07-05 10:55:19.50373+00,2025-12-22 05:13:03.325874+00,24,,0.00,f,f
46,Mars,Mars,Mars,f,2025-07-05 10:55:32.551318+00,2025-12-22 05:13:03.313634+00,24,,0.00,f,f
47,Atlas,Atlas,Atlas,f,2025-07-05 10:55:39.584248+00,2025-12-22 05:13:03.293449+00,24,,0.00,f,f
48,Minerva,Minerva,Minerva,f,2025-07-05 10:55:44.665148+00,2025-12-22 05:13:03.273541+00,24,,0.00,f,f
49,Neptune,Neptune,Neptune,f,2025-07-05 10:55:54.974382+00,2025-12-22 05:13:03.222174+00,24,,0.00,f,f
50,Aurora,Aurora,Aurora,f,2025-07-05 10:55:58.716197+00,2025-12-22 05:13:03.196449+00,24,,0.00,f,f
51,Odysseus,Odysseus,Odysseus,f,2025-07-05 10:56:05.824142+00,2025-12-22 05:13:03.157876+00,24,,0.00,f,f
52,Ophelia,Ophelia,Ophelia,f,2025-07-05 10:56:14.908053+00,2025-12-22 05:13:03.112551+00,24,,0.00,f,f
53,Callista,Callista,Callista,f,2025-07-05 10:56:15.282293+00,2025-12-22 05:13:03.084441+00,24,,0.00,f,f
54,Orion,Orion,Orion,f,2025-07-05 10:56:24.763397+00,2025-12-22 05:13:03.070629+00,24,,0.00,f,f
55,Cora,Cora,Cora,f,2025-07-05 10:56:34.002408+00,2025-12-22 05:13:03.059473+00,24,,0.00,f,f
56,Orpheus,Orpheus,Orpheus,f,2025-07-05 10:56:34.073132+00,2025-12-22 05:13:03.045353+00,24,,0.00,f,f
57,Cordelia,Cordelia,Cordelia,f,2025-07-05 10:56:53.551048+00,2025-12-22 05:13:03.028449+00,24,,0.00,f,f
58,Pandora,Pandora,Pandora,f,2025-07-05 10:56:56.501164+00,2025-12-22 05:13:03.019542+00,24,,0.00,f,f
59,Delia,Delia,Delia,f,2025-07-05 10:57:09.644601+00,2025-12-22 05:13:03.006164+00,24,,0.00,f,f
60,Phoebe,Phoebe,Phoebe,f,2025-07-05 10:57:17.420328+00,2025-12-22 05:13:02.99003+00,24,,0.00,f,f
61,Pluto,Pluto,Pluto,f,2025-07-05 10:57:28.091993+00,2025-12-22 05:13:02.979586+00,24,,0.00,f,f
62,Draco,Draco,Draco,f,2025-07-05 10:57:31.528108+00,2025-12-22 05:13:02.966397+00,24,,0.00,f,f
63,Saturn,Saturn,Saturn,f,2025-07-05 10:57:39.385116+00,2025-12-22 05:13:02.953274+00,24,,0.00,f,f
64,Selene,Selene,Selene,f,2025-07-05 10:57:50.337973+00,2025-12-22 05:13:02.936188+00,24,,0.00,f,f
65,Electra,Electra,Electra,f,2025-07-05 10:57:53.392569+00,2025-12-22 05:13:02.925382+00,24,,0.00,f,f
66,Thalia,Thalia,Thalia,f,2025-07-05 10:58:02.885678+00,2025-12-22 05:13:02.901401+00,24,,0.00,f,f
67,Theia,Theia,Theia,f,2025-07-05 10:58:22.369516+00,2025-12-22 05:13:02.866283+00,24,,0.00,f,f
68,Vesta,Vesta,Vesta,f,2025-07-05 10:58:22+00,2025-12-22 05:13:02.848484+00,24,,0.00,f,f
69,Burt,burt,burt,f,2025-07-07 10:10:42.774464+00,2025-12-22 05:13:02.833971+00,34,,0.00,f,f
70,Marissa,marissa,marissa,f,2025-07-07 10:10:42.785934+00,2025-12-22 05:13:02.818845+00,34,,0.00,f,f
71,sarah,sarah,sarah,f,2025-07-07 10:10:42.798064+00,2025-12-22 05:13:02.805587+00,34,,0.00,f,f
74,paula,paula,paula,f,2025-07-07 10:10:42.842077+00,2025-12-22 05:13:02.758092+00,34,,0.00,f,f
75,hyperion,hyperion,hyperion-1,f,2025-08-13 12:15:36.429545+00,2025-12-22 05:13:02.74121+00,24,,0.00,f,f
76,athena,athena,athena-1,f,2025-08-13 12:23:47.547942+00,2025-12-22 05:13:02.71465+00,24,,0.00,f,f
77,hera,hera,hera,f,2025-08-14 08:10:21.282008+00,2025-12-22 05:13:02.656729+00,33,,0.00,f,f
78,perseus,perseus,perseus,f,2025-08-14 08:11:55.034969+00,2025-12-22 05:13:02.597659+00,33,,0.00,f,f
1,Alloy,Alloy,Alloy,f,2025-07-05 09:46:30.7191+00,2026-02-07 06:52:29.853246+00,,,0.00,t,f
2,Echo,echo,Echo,t,2025-07-05 09:46:52.464826+00,2026-02-07 07:29:44.477152+00,7,,0.00,f,t
79,Zeus,zeus,zeus,f,2025-08-19 09:43:09.651723+00,2025-12-22 05:13:02.513932+00,33,,0.00,f,f
81,Harry,Harry,Harry,f,2025-08-20 09:27:08.619492+00,2025-12-22 05:13:02.429522+00,37,,0.00,f,f
82,Spencer,Spencer,Spencer,f,2025-08-20 09:27:35.750018+00,2025-12-22 05:13:02.403102+00,37,,0.00,f,f
83,Stella,stella,Stella,f,2025-08-23 07:28:29.836444+00,2025-12-23 06:04:23.644306+00,40,,0.00,f,f
84,angus,angus,angus,f,2025-08-23 07:32:13.821535+00,2025-12-22 05:13:02.349445+00,24,,0.00,f,f
85,helios,helios,helios,f,2025-08-23 07:34:45.785131+00,2025-12-22 05:13:02.319686+00,24,,0.00,f,f
91,matilda,matilda,matilda,f,2025-08-23 08:00:32.86621+00,2025-12-22 05:13:02.171026+00,34,,0.00,f,f
95,Riya,faf0731e-dfb9-4cfc-8119-259a79b27e12,Riya,t,2025-09-24 06:47:35.314787+00,2026-01-16 10:51:47.524427+00,42,,0.00,t,f
96,Ashima,mActWQg9kibLro6Z2ouY,ashima,t,2025-09-24 10:19:27.094356+00,2025-09-24 10:19:27.094423+00,34,,0.00,f,f
97,Autumn,autumn,autumn,f,2025-09-24 10:22:48.471029+00,2025-12-22 05:13:01.919549+00,40,,0.00,f,f
98,Akriti,95d51f79-c397-46f9-b49a-23763d3eaa2d,akriti,t,2025-09-24 10:30:15.03793+00,2025-09-24 10:30:15.037991+00,42,,0.00,f,f
100,Elowen,elowen,elowen,f,2025-09-24 10:43:35.910652+00,2025-12-22 05:13:01.886224+00,40,,0.00,f,f
101,Olivia,1SM7GgM6IMuvQlz2BwM3,olivia,t,2025-09-24 10:47:49.773939+00,2025-09-24 10:47:49.774004+00,34,,0.00,f,f
102,Default Voice,a8a1eb38-5f15-4c1d-8722-7ac0f329727d,default-voice,t,2025-09-24 13:29:03.680542+00,2025-09-24 13:29:03.680605+00,42,,0.00,f,f
104,British Reading Lady,71a7ad14-091c-4e8e-a314-022ece01c121,british-reading-lady,t,2025-09-24 13:30:56.855061+00,2025-09-24 13:30:56.855128+00,42,,0.00,f,f
106,Joanie,a7b8d8fa-f6e5-4908-900e-0c11d1d82519,Joanie,t,2025-10-29 13:22:51.95437+00,2025-10-29 13:22:51.954437+00,42,,0.00,f,f
109,Parvati,bec003e2-3cb3-429c-8468-206a393c67ad,Parvati,t,2025-12-18 09:45:05.267438+00,2025-12-22 05:13:56.627466+00,42,,0.00,f,f
110,palak,28ca2041-5dda-42df-8123-f58ea9c3da00,palak,t,2025-12-20 12:42:30.759713+00,2025-12-23 06:50:40.198588+00,42,,0.00,t,f
111,ayush,791d5162-d5eb-40f0-8189-f19db44611d8,ayush,t,2025-12-20 12:44:03.342438+00,2025-12-23 06:50:03.546134+00,42,,0.00,t,f
112,jaspreet,991c62ce-631f-48b0-8060-2a0ebecbd15b,jaspreet,t,2025-12-20 12:44:50.547143+00,2025-12-23 06:50:59.066975+00,42,,0.00,t,f
113,amit,91925fe5-42ee-4ebe-96c1-c84b12a85a32,amit,t,2025-12-20 12:46:31.505414+00,2025-12-23 06:51:10.911563+00,42,,0.00,t,f
115,kavya,25d2c432-139c-4035-bfd6-9baaabcdd006,kavya,t,2025-12-20 12:48:04.005721+00,2025-12-23 06:51:34.838431+00,42,,0.00,t,f
116,jacqueline,9626c31c-bec5-4cca-baa8-f8ba9e84c8bc,jacqueline,t,2025-12-20 12:48:50.157519+00,2025-12-23 06:51:44.159562+00,42,,0.00,t,f
117,blake,a167e0f3-df7e-4d52-a9c3-f949145efdab,blake,t,2025-12-20 12:49:29.500914+00,2025-12-23 06:52:00.573647+00,42,,0.00,t,f
118,miles,f114a467-c40a-4db8-964d-aaba89cd08fa,miles,t,2025-12-20 12:50:26.639836+00,2025-12-23 06:52:10.26172+00,42,,0.00,t,f
119,charlotte,71a7ad14-091c-4e8e-a314-022ece01c121,charlotte,t,2025-12-20 12:51:27.870806+00,2025-12-23 06:52:31.371702+00,42,,0.00,t,f
121,niraj,zgqefOY5FPQ3bB7OZTVR,niraj,t,2025-12-20 12:55:06.913949+00,2025-12-23 06:52:59.085294+00,34,,0.00,t,f
122,anant,VbDz3QQGkAGePVWfkfwE,anant,t,2025-12-20 12:55:51.645672+00,2025-12-23 06:53:09.594288+00,34,,0.00,t,f
124,vera,5Do5Z5xDk12rh7FDDOoO,vera,t,2025-12-20 12:57:44.400325+00,2025-12-23 06:53:37.126198+00,34,,0.00,t,f
125,Ashley,Ashley,Ashley,t,2025-12-23 05:28:28.307361+00,2025-12-23 06:53:52.180548+00,61,,0.00,t,f
127,Edward,Edward,Edward,t,2025-12-23 05:30:33.843612+00,2025-12-23 06:54:26.103165+00,61,,0.00,t,f
128,Clive,Clive,Clive,t,2025-12-23 05:31:09.075219+00,2025-12-23 06:54:12.234132+00,61,,0.00,t,f
129,Truss,Truss,Truss,t,2025-12-23 05:58:32.054225+00,2025-12-23 06:56:40.000274+00,60,,0.00,t,f
130,Taru,Taru,Taru,t,2025-12-23 06:00:19.626269+00,2025-12-23 06:55:34.384879+00,60,,0.00,t,f
131,Avni,Avni,Avni,t,2025-12-23 06:00:46.347603+00,2025-12-24 14:07:24.722624+00,60,,0.00,t,f
132,Huxley,huxley,Huxley,t,2025-12-23 06:01:53.855116+00,2026-01-12 12:40:16.866522+00,40,,0.00,f,f
133,Kennedy,kennedy,Kennedy,t,2025-12-23 06:02:33.804224+00,2026-01-12 12:40:47.679867+00,40,,0.00,f,f
134,Ansel,ansel,Ansel,t,2025-12-23 06:03:47.530578+00,2026-01-12 12:39:04.701397+00,40,,0.00,f,f
157,Manisha,manisha,manisha,t,2025-12-24 07:38:29.811157+00,2026-01-19 17:03:46.241631+00,20,,0.00,f,f
120,Devi,MF4J4IDTRo0AxOO4dpFR,Devi,t,2025-12-20 12:54:35.584004+00,2026-01-22 12:50:23.996371+00,34,,0.00,f,f
103,Arushi,95d51f79-c397-46f9-b49a-23763d3eaa2d,arushi,t,2025-09-24 13:30:08.590137+00,2026-01-31 09:03:51.247089+00,42,,0.00,t,f
126,Wendy,Wendy,Wendy,t,2025-12-23 05:29:13.227305+00,2026-01-29 14:35:22.174796+00,,,0.00,t,f
145,Callirrhoe,Callirrhoe,Callirrhoe,t,2025-12-23 06:14:09.782532+00,2026-02-04 08:18:28.283243+00,47,,0.00,f,t
143,Autonoe,Autonoe,Autonoe,t,2025-12-23 06:12:37.634231+00,2026-02-04 08:18:55.814412+00,47,,0.00,f,t
150,Enceladus,Enceladus,Enceladus,t,2025-12-23 06:28:18.926522+00,2026-02-04 08:19:37.017467+00,47,,0.00,f,t
152,lapetus,Lapetus,Lapetus,t,2025-12-23 06:30:03.795238+00,2026-02-04 09:22:55.062019+00,47,,0.00,f,t
146,Algieba,Algieba,Algieba,t,2025-12-23 06:14:35.493675+00,2026-02-04 09:25:05.147544+00,47,,0.00,f,t
147,Despina,Despina,Despina,t,2025-12-23 06:15:01.856929+00,2026-02-04 09:25:45.178976+00,47,,0.00,f,t
144,Algenib,Algenib,Algenib,t,2025-12-23 06:13:19.713516+00,2026-02-04 09:26:47.63317+00,47,,0.00,f,t
153,Laomedeia,Laomedeia,Laomedeia,t,2025-12-23 06:30:34.69739+00,2026-02-04 09:28:15.722202+00,47,,0.00,f,t
151,Gacrux,Gacrux,Gacrux,t,2025-12-23 06:29:17.801068+00,2026-02-04 09:30:51.036142+00,47,,0.00,f,t
135,Zephyr,Zephyr,Zephyr,t,2025-12-23 06:05:57.172158+00,2026-02-04 12:10:39.532203+00,47,,0.00,f,t
136,Puck,Puck,Puck,t,2025-12-23 06:08:25.786569+00,2026-02-04 12:10:55.001471+00,47,,0.00,f,t
138,Charon,Charon,Charon,f,2025-12-23 06:09:49.480087+00,2026-02-04 12:11:11.478087+00,47,,0.00,f,t
137,Kore,Kore,Kore,t,2025-12-23 06:09:03.85075+00,2026-02-04 12:11:25.414086+00,47,,0.00,f,t
140,Fenrir,Fenrir,Fenrir,t,2025-12-23 06:10:53.81369+00,2026-02-04 12:11:54.47712+00,47,,0.00,f,t
139,Leda,Leda,Leda,t,2025-12-23 06:10:30.532902+00,2026-02-04 12:12:20.08952+00,47,,0.00,f,t
142,Orus,Orus,Orus,t,2025-12-23 06:11:58.415196+00,2026-02-04 12:12:43.237941+00,47,,0.00,f,t
141,Aoede,Aoede,Aoede,t,2025-12-23 06:11:27.252624+00,2026-02-04 12:13:10.757759+00,47,,0.00,f,t
149,Erinome,Erinome,Erinome,t,2025-12-23 06:27:04.679896+00,2026-02-04 12:13:50.015218+00,47,,0.00,f,t
148,Alnilam,Alnilam,Alnilam,t,2025-12-23 06:16:00.69564+00,2026-02-04 12:37:29.809222+00,47,,0.00,f,t
80,Neha,Neha,Neha,f,2025-08-20 09:26:32.626709+00,2026-02-06 05:12:03.293471+00,37,,0.00,f,f
154,Rasalgethi,Rasalgethi,Rasalgethi,f,2025-12-23 06:31:02.134849+00,2025-12-29 10:25:45.1049+00,,,0.00,f,f
108,Sage,sage,sage,t,2025-11-06 21:29:38.477524+00,2026-02-07 07:35:59.87624+00,7,,0.00,f,t
158,Vidya,vidya,Vidya,t,2025-12-24 07:38:56.301543+00,2026-01-12 07:47:18.711966+00,20,,0.00,f,f
159,Hitesh,hitesh,Hitesh,t,2025-12-24 07:39:21.238249+00,2026-01-12 07:47:29.319112+00,20,,0.00,f,f
161,celeste,celeste,celeste,t,2025-12-26 05:04:11.013714+00,2025-12-26 05:04:11.013771+00,60,,0.00,t,f
160,Anika(11L),Sm1seazb4gs7RSlUVw7c,Anika-11L,t,2025-12-26 04:52:06.36307+00,2026-01-22 13:40:39.464984+00,34,,0.00,f,f
114,Anika,5c32dce6-936a-4892-b131-bafe474afe5f,Anika,t,2025-12-20 12:47:20.88357+00,2026-01-19 15:24:48.268775+00,42,,0.00,t,f
164,Sweetie,gh4KqQpuToGmra4sU2FJ,sweetie,t,2026-01-22 07:06:58.097487+00,2026-01-22 13:40:26.565266+00,34,,0.00,f,f
163,Riya Rao,mActWQg9kibLro6Z2ouY,riya-rao,t,2026-01-22 07:00:57.915195+00,2026-01-22 13:40:32.504229+00,34,,0.00,f,f
165,Zara,MmQVkVZnQ0dUbfWzcW6f,zara,t,2026-01-27 11:06:09.018262+00,2026-01-27 11:07:19.57398+00,34,,0.00,f,f
166,Riya,Riya,Riya-inworld,t,2026-01-29 13:43:35.180039+00,2026-01-29 16:53:55.069793+00,37,,0.00,t,f
167,Sindhu,07bc462a-c644-49f1-baf7-82d5599131be,sindhu,t,2026-01-29 13:48:04.573639+00,2026-01-30 13:06:39.481318+00,42,,0.00,f,f
170,Umbriel,Umbriel,Umbriel,t,2026-02-04 09:24:13.401893+00,2026-02-04 09:24:13.401899+00,47,,0.00,f,t
171,Resalgethi,Resalgethi,Resalgethi,t,2026-02-04 09:27:42.706877+00,2026-02-04 09:27:42.706882+00,47,,0.00,f,t
174,Pulcherrima,Pulcherrima,Pulcherrima,t,2026-02-04 09:31:34.143145+00,2026-02-04 09:31:34.143152+00,47,,0.00,f,t
177,Vindemlatrix,Vindemlatrix,Vindemlatrix,t,2026-02-04 09:33:47.365705+00,2026-02-04 09:33:47.365711+00,47,,0.00,f,t
179,Sadaltager,Sadaltager,Sadaltager,t,2026-02-04 09:34:58.024337+00,2026-02-04 09:34:58.024344+00,47,,0.00,f,t
180,Sulafat,Sulafat,Sulafat,t,2026-02-04 09:35:37.076831+00,2026-02-04 09:35:37.076837+00,47,,0.00,f,t
173,Schedar,Schedar,Schedar,t,2026-02-04 09:30:21.175634+00,2026-02-04 12:37:42.299912+00,47,,0.00,f,t
175,Achird,Achird,Achird,t,2026-02-04 09:32:18.686807+00,2026-02-04 12:41:31.263287+00,47,,0.00,f,t
176,Zubenelgenibi,Zubenelgenibi,Zubenelgenibi,t,2026-02-04 09:33:10.826054+00,2026-02-04 12:41:49.817216+00,47,,0.00,f,t
178,Sadachbia,Sadachbia,Sadachbia,t,2026-02-04 09:34:25.698613+00,2026-02-04 12:42:21.355973+00,47,,0.00,f,t
168,Neha-IN-World,default-ac-38pnclqn1nw8l7ztu4q__neha,default-ac-38pnclqn1nw8l7ztu4q__neha,t,2026-01-29 19:37:24.658867+00,2026-02-05 21:30:21.576062+00,37,,0.00,f,f
169,Neha,8404ab40-c547-4eff-bfea-526621676fe4,Neha-Cartesia,t,2026-01-30 13:46:24.851145+00,2026-02-06 05:12:03.29153+00,42,,0.00,f,f
172,Achernar,Achernar,Achernar,t,2026-02-04 09:29:07.472506+00,2026-02-06 07:25:54.840712+00,47,,0.00,f,t
4,Onyx,onyx,onyx,f,2025-07-05 09:47:43.670487+00,2025-12-22 05:13:04.091627+00,,,0.00,f,f
181,Marin,marin,marin,t,2026-02-07 06:54:48.80922+00,2026-02-07 06:56:51.386064+00,7,,0.00,f,t
182,cedar,cedar,cedar,t,2026-02-07 06:57:27.735857+00,2026-02-07 06:57:27.735902+00,7,,0.00,f,t
183,verse,verse,verse,t,2026-02-07 07:26:05.173392+00,2026-02-07 07:26:05.173398+00,7,,0.00,f,t
5,Nova,nova,Nova,t,2025-07-05 09:48:28.215508+00,2026-02-07 07:28:47.044018+00,7,,0.00,f,t
184,Coral,coral,coral,t,2026-02-07 07:30:14.598923+00,2026-02-07 07:30:14.59893+00,7,,0.00,f,t
185,Ballad,ballad,ballad,t,2026-02-07 07:30:38.549295+00,2026-02-07 07:30:38.549301+00,7,,0.00,f,t
186,Ash,ash,ash,t,2026-02-07 07:31:06.395762+00,2026-02-07 07:31:06.395768+00,7,,0.00,f,t
6,Shimmer,shimmer,Shimmer,t,2025-07-05 09:48:47.052234+00,2026-02-07 07:35:52.292927+00,7,,0.00,f,t
3,Fable,fable,fable,t,2025-07-05 09:47:20.147568+00,2026-02-07 07:36:08.294148+00,7,,0.00,f,t
187,Priya,Priya,Priya,t,2026-02-07 20:44:15.168905+00,2026-02-07 20:44:15.168911+00,20,,0.00,f,f
188,Simran,Simran,Simran,t,2026-02-07 20:44:49.133726+00,2026-02-07 20:44:49.133732+00,20,,0.00,f,f
189,Kavitha,Kavitha,Kavitha,t,2026-02-07 20:45:54.843069+00,2026-02-07 20:45:54.843076+00,20,,0.00,f,f
190,Rachel,21m00Tcm4TlvDq8ikWAM,rachel,t,2026-02-09 05:53:43.248623+00,2026-02-09 05:53:43.248631+00,34,,0.00,f,f
